vowel,n,mean_f1,mean_f2,mean_f3,mean_duration,mean_df1_on,mean_df2_on,mean_df3_on,mean_df1_off,mean_df2_off,mean_df3_off,sd_f1,sd_f2,sd_f3,sd_duration,sd_df1_on,sd_df2_on,sd_df3_on,sd_df1_off,sd_df2_off,sd_df3_off
a,629,711.5548489666137,1674.5659777424482,2845.4801271860097,96.45655166931637,-3.503608903020668,-21.529411764705884,-13.94435612082671,91.80810810810812,18.793322734499206,12.100317965023848,118.88739358335029,188.0937584335587,260.3873248061991,69.94591108614777,70.17767570055416,163.40746600346185,245.78721524742326,89.28495255430916,180.83603665418948,295.4168539730997
e,784,537.2512755102041,1942.8214285714287,2861.503826530612,83.77985076530612,-5.928303571428572,-9.046058673469387,-13.145408163265307,43.48897959183673,65.03419642857143,10.387525510204082,92.90170789145941,224.13609656386527,213.4556042939516,79.56642078859629,50.81319038189197,154.65300114240137,167.61801821395477,68.51951310463791,157.6285786712322,190.08665906510427
i,248,392.68951612903226,2386.6330645161293,2877.5685483870966,98.39379032258064,-1.4024193548387096,-35.729032258064514,3.560483870967742,9.194314516129031,137.45564516129033,17.653225806451612,56.6088608656795,276.74555765113837,173.80708318329812,70.76381759918637,32.241730995788764,213.9837192619596,162.23488610718184,59.210004149898886,265.8603596217487,180.19986853805136
o,582,530.0567010309278,1245.8453608247423,2798.6546391752577,104.55480068728522,-4.731099656357388,31.528865979381443,-1.5326460481099657,52.35475945017182,-53.36350515463918,42.552405498281786,108.95148163695659,252.72928814277458,417.5768629350141,89.88232646060366,86.73716313278847,202.56278444918368,402.1029592159178,91.74617743275232,199.80936542174413,405.3956461704574
u,87,387.367816091954,1229.5057471264367,2759.448275862069,67.69358620689655,2.6980459770114944,-18.82528735632184,-12.655172413793103,13.525287356321838,-124.65517241379311,9.947126436781609,57.649727190812335,287.8430965342063,402.93154703476614,32.3741347179158,43.164818330281825,204.68369200236444,372.724096087616,53.75101344288679,224.58860724000408,323.4226861493566
