vowel,f1,f2,f3,duration,df1_off,df2_off,df3_off,df1_on,df2_on,df3_on
aa,7.00468703902521,11.04123928900336,14.884189036638656,107.92921848739496,0.34637553735462184,-0.17142993561344538,15.26169409,-0.39474165646386555,0.010452643146218488,0.02143308879159664
ae,6.78310341964759,12.38090273289006,15.00399676875,121.16264909638554,0.5045121152198795,0.1678936994939759,15.367979361701806,-0.37144907036596386,0.12070387330421686,0.07089890790210843
ah,5.7583749746277775,11.70285806861579,15.095105448959064,76.13905877192983,0.3380428625476608,0.07489627269649123,15.46699657397076,-0.1689896706739766,-0.050323252842105266,-0.0034192205973684214
ao,6.350788378076503,10.392526475874318,14.769454055956285,100.08884699453552,0.2686776367704918,-0.162922850147541,15.155849359289618,-0.29261008578688524,-0.04990479710928961,0.12433000849180328
eh,5.952605460825739,12.676238706175763,15.11857239682023,92.57968552829244,0.2980247652899349,0.16585080915823736,15.47853751225338,-0.24286973381922886,-0.04855470279268904,0.028821689830245367
ih,4.928906093808533,13.168737550149066,15.364561518408,69.0617184,0.23214493721093332,0.083801021328,15.716771606416,-0.09988446063893333,-0.1181170350936,0.0026518403008000003
iy,4.380733536815789,14.109724511397369,15.49953152343421,90.56974934210527,0.0533475758375,0.20644361593552632,15.84069962980921,0.04646735318289474,-0.4660681803618421,-0.0962715675625
uh,4.863631134595181,12.115349309322891,15.105892840674699,61.113809638554216,0.27344689263373495,-0.16068118178795182,15.46902404833735,-0.08102876869879518,-0.28668624095421685,0.033230694886746986
uw,4.250154790436364,12.91110230943409,14.994840972318181,89.8009659090909,0.028696089447727273,0.7145965845136364,15.359057708409091,-0.13393854644318182,0.5218065303454545,0.11637219690909091
