vowel,f1,f2,f3,duration,df1_on,df2_on,df3_on,df1_off,df2_off,df3_off
aa,746.526582278481,1575.5879746835444,2727.0772151898736,123.55808607594936,-22.99970063291139,-14.074367088607595,12.796577215189874,11.920544303797469,-35.986082278481014,-5.298670886075949
ae,748.8060465116279,1848.4148837209302,2806.966511627907,136.7455846511628,-38.071747906976746,43.20245581395349,31.2450511627907,25.157316279069768,31.5846511627907,-27.92274418604651
ah,592.58591754834,1719.0493737078925,2860.343426973124,69.85169451538368,7.50296120637237,-0.7734962908914026,-4.7426345615955245,23.023914143256718,-0.44709838258543116,-20.12917122704609
ao,692.9773755656108,1318.8883861236802,2712.1070889894418,136.47521266968326,-33.15600301659125,10.874886877828054,19.308371040723983,-11.38076923076923,-46.97209653092006,54.08853695324284
eh,670.758603974794,1872.962675714978,2799.323315559864,116.57768395540475,-32.127716917111,12.680056228793019,27.189612215220553,9.306818225884633,52.693019873969945,21.43014881240911
ih,565.1267252195734,1981.1286072772898,2889.9814930991215,79.21921455457968,-6.630396486825596,-27.018820577164366,1.3185771643663737,5.604346925972396,18.677114178168132,-4.901436637390213
iy,484.0652406417112,2083.025668449198,2955.1483065953653,126.9536146167558,9.146387522281639,-22.868591800356505,-30.743237076648843,-7.735646345811052,39.26592085561497,-1.4890909090909095
uh,549.8012889366273,1670.795918367347,2745.2900107411388,61.138996777658434,-1.8552846401718581,-3.4533834586466168,7.022031149301826,13.747662728249194,-19.742062298603653,-13.695703544575725
uw,476.7251908396947,1623.2102706453852,2806.478834142956,124.0263976405274,6.313199861207495,132.27140874392782,7.650249826509368,-5.723941707147814,-9.732199861207494,-30.537820957668284
