vowel,f1,f2,f3,duration,df1_off,df2_off,df3_off,df1_on,df2_on,df3_on
a,6.582328799791128,11.877760958763401,15.378835691312384,85.78918484288354,0.7013916707134935,0.06431393948428836,-0.04054071381146026,-0.015368666768946396,-0.07116530324953789,0.009447966384473198
e,5.2174699489031795,12.795869070238439,15.441224315852601,70.39824421965318,0.3877665585592486,0.23984026428468208,0.036319590773121385,-0.03866369137572254,2.363959017341054e-4,-0.010465947920520233
i,3.9571366394112553,14.185406687034632,15.41727931099567,88.5871341991342,0.08641931974025974,0.44919775854978355,0.048936312138528136,-0.0181875129004329,-0.15661787728571427,-0.02348862448917749
o,5.262823342531017,10.090326113563275,15.511188647940447,85.71408436724566,0.4801952025459057,-0.220809384337469,0.08509743751364764,-0.06545381940942928,0.18239781968734492,-0.036796993
u,3.8952262405538463,10.079266127446154,15.300763349538462,64.29110769230769,0.1948024849076923,-0.48815571381538464,-0.04638539026153846,-0.03208892155384615,-0.18527499132307693,-0.040365039015384616
