vowel,f1,f2,f3,duration,df1_on,df2_on,df3_on,df1_off,df2_off,df3_off
a,711.5548489666137,1674.5659777424482,2845.4801271860097,96.45655166931637,-3.503608903020668,-21.529411764705884,-13.94435612082671,91.80810810810812,18.793322734499206,12.100317965023848
e,537.2512755102041,1942.8214285714287,2861.503826530612,83.77985076530612,-5.928303571428572,-9.046058673469387,-13.145408163265307,43.48897959183673,65.03419642857143,10.387525510204082
i,392.68951612903226,2386.6330645161293,2877.5685483870966,98.39379032258064,-1.4024193548387096,-35.729032258064514,3.560483870967742,9.194314516129031,137.45564516129033,17.653225806451612
o,530.0567010309278,1245.8453608247423,2798.6546391752577,104.55480068728522,-4.731099656357388,31.528865979381443,-1.5326460481099657,52.35475945017182,-53.36350515463918,42.552405498281786
u,387.367816091954,1229.5057471264367,2759.448275862069,67.69358620689655,2.6980459770114944,-18.82528735632184,-12.655172413793103,13.525287356321838,-124.65517241379311,9.947126436781609
