vowel,f1,f2,f3,duration,df1_on,df2_on,df3_on,df1_off,df2_off,df3_off
aa,781.8413333333333,1490.32,2656.008,113.61013066666666,-49.735866666666666,8.516473333333334,5.7165333333333335,43.14345333333333,-55.531333333333336,-24.955466666666666
ae,760.0544794188862,1840.497578692494,2722.0423728813557,134.2425387409201,-51.03559322033898,46.078087167070215,34.26029055690073,67.8363196125908,45.8590799031477,11.281464891041162
ah,607.9123076923076,1636.2935897435898,2741.6123076923077,82.64986384615385,-15.672528205128206,-4.416412820512821,0.002433333333333372,37.680579743589746,14.839463076923076,-4.559423076923077
ao,664.6883561643835,1284.945205479452,2525.8869863013697,104.53077739726028,-29.5761301369863,-8.036301369863013,50.46794520547945,20.84377397260274,-64.16780821917808,51.74315068493151
eh,631.2562741312742,1908.9271235521235,2760.7997104247106,94.6351916023166,-29.42125,-9.215728764478765,11.23320945945946,37.888465250965254,44.24167471042471,30.680970077220078
ih,502.77700077700075,2061.065527065527,2869.232064232064,69.66532634032635,-9.82517637917638,-28.832688422688424,1.5776897176897176,24.192289562289563,17.69077959077959,1.951875161875162
iy,439.8799751243781,2381.8271144278606,2937.0578358208954,94.65622947761194,6.2535883084577115,-149.26519278606966,-39.27823383084577,3.3016902985074625,67.85976368159204,38.202674129353234
uh,499.21493212669685,1745.5294117647059,2762.7217194570135,62.35635746606335,-8.19053846153846,-62.02285067873303,10.658597285067874,31.58022624434389,-40.08361990950226,-18.628054298642535
uw,431.97777777777776,1952.030303030303,2702.5757575757575,94.27858585858586,-12.302606060606061,153.8589898989899,53.779797979797976,1.2703636363636364,182.7171717171717,-10.03050505050505
